ReviewID,CustomerID,ProductID,ReviewText,ReviewDate
1,486,267,So impressed by the quality. This product truly delivers.,5/12/2024
2,810,246,I'm very happy with the performance. It does exactly what I need.,3/7/2024
3,855,291,I regret buying this. The quality is terrible and it stopped working within a week.,11/15/2025
4,524,235,"It serves its purpose, but it's not anything extraordinary.",5/27/2024
5,238,220,Very high-quality product. I would buy it again without hesitation.,9/10/2025
6,578,263,It's neither great nor terrible. It's just okay.,4/14/2024
7,181,261,Everything about this product is great! It works as advertised and more.,12/23/2025
8,262,215,This is the worst product I've bought in a long time. It doesn't do what it's supposed to.,12/16/2025
9,362,222,I've had nothing but problems with this product. It's not reliable.,9/21/2025
10,563,204,Perfect product for my needs! I can't imagine using anything else now.,7/20/2025
11,315,260,I'm extremely disappointed with this product. It doesn't work as promised.,12/10/2025
12,651,276,"The product is awful. It doesn't work as it should, and it's frustrating to use.",10/1/2025
13,863,220,It's an okay option if you're looking for something basic.,1/23/2024
14,648,233,"It's functional, but I'm not blown away by it.",3/28/2024
15,682,291,"It's decent, though I expected a little more.",1/12/2024
16,691,299,"I've used it for a week, and it functions as advertised, but it's not extraordinary.",11/25/2025
17,284,245,This is hands down the best purchase I've made this year.,8/19/2025
18,828,249,I am extremely satisfied with my purchase. Worth every penny!,9/20/2025
19,622,280,I couldn't be more pleased with this purchase. It works perfectly!,10/27/2025
20,178,201,I've been using it for a while now and it's performing perfectly.,1/25/2024
21,506,288,Absolutely love this product! It's a game-changer.,3/28/2024
22,197,240,"It's a decent option, but not the best one out there.",10/15/2025
23,677,258,The product is of poor quality. It doesn't last long and doesn't do what it should.,8/25/2025
24,346,283,The product is exactly what I was hoping for. I'm very satisfied.,12/27/2025
25,564,246,Worth every penny! Amazing quality and service.,7/30/2025
26,820,213,"It does the job, but I wasn't impressed by its performance.",7/14/2025
27,541,205,"The product works, but I've had better experiences with similar products.",3/13/2024
28,153,204,Absolutely love this product! It's a game-changer.,10/24/2025
29,982,210,I absolutely love this product! It exceeded my expectations in every way.,12/15/2025
30,945,268,This product has made my daily routine so much easier. Highly recommend.,1/26/2024
31,386,279,This product is cheaply made and didn't meet my expectations at all.,1/11/2024
32,661,261,The product functions as expected but isn't remarkable.,5/11/2024
33,396,298,"It's an okay product, but there are some issues I have with it.",12/12/2025
34,931,297,This product has saved me so much time and effort. I couldn't be happier.,1/7/2024
35,856,229,I couldn't be more pleased with this purchase. It works perfectly!,7/4/2025
36,464,292,This product does exactly what I wanted it to do. Very pleased.,2/28/2024
37,307,264,I'm very pleased with how quickly it arrived and the quality of the product.,8/26/2025
38,344,240,"It's a decent product, but it doesn't offer the best value for the price.",5/11/2024
39,367,202,This product does exactly what I wanted it to do. Very pleased.,2/4/2024
40,206,264,This has been one of the best purchases I've made. Highly recommended!,5/6/2024
41,551,261,This product is a game-changer. I'm so glad I bought it.,8/24/2025
42,780,269,I've had nothing but problems with this product. It's not reliable.,9/19/2025
43,251,270,I've never been this satisfied with a purchase before.,10/21/2025
44,450,242,"This item is exactly as described, and it works beautifully!",3/13/2024
45,251,245,I regret buying this. The quality is terrible and it stopped working within a week.,10/1/2025
46,550,230,Such a fantastic product at a great price. Worth every cent!,12/6/2025
47,235,206,The quality and performance of this product are top-notch.,6/30/2025
48,729,219,"I tried using it, but it's just not functional. Very frustrating.",3/1/2024
49,822,204,"It's a basic product. Works, but no wow factor.",1/27/2024
50,426,279,"It's functional, but I'm not convinced it's the best choice for this price.",1/24/2024
51,794,206,I tried it once and it didn't work at all. Wouldn't recommend to anyone.,1/31/2024
52,832,215,The product functions as expected but isn't remarkable.,5/18/2024
53,740,203,"I'm so dissatisfied. It doesn't work, and the build quality is subpar.",4/12/2024
54,510,225,"This didn't work as expected, and I'm very disappointed with my purchase.",12/26/2025
55,306,270,It was a complete waste of money. I would never buy this again.,1/1/2024
56,950,241,"I've used it for a week, and it functions as advertised, but it's not extraordinary.",7/23/2025
57,102,201,Very poor quality. It's already falling apart after a few weeks of use.,11/20/2025
58,560,235,"The customer service was fantastic, and the product arrived on time.",10/8/2025
59,417,237,"Fantastic quality, and the performance is just amazing. Highly recommend!",1/5/2024
60,590,201,"The product is fine, but it lacks the features I was hoping for.",12/21/2025
61,225,247,"The product is fine, but it lacks the features I was hoping for.",3/21/2024
62,993,239,Impressed with the durability and performance of this product.,8/7/2025
63,317,207,"It works so well, and it's exactly what I needed for my project.",12/28/2025
64,828,238,"It works fine, but I had expected a bit more for the price.",10/1/2025
65,700,249,Wonderful product! The quality and performance are unmatched.,3/25/2024
66,306,231,I've had a wonderful experience with this product. Definitely recommend it!,3/7/2024
67,161,226,I couldn't be happier with my purchase. It's perfect for what I needed.,8/23/2025
68,230,281,This product didn't live up to its promises. I'm very disappointed.,11/7/2025
69,957,258,"Perfect fit, great design, and works like a charm. Very pleased!",3/28/2024
70,107,278,This product is decent but doesn't stand out in any way.,4/20/2024
71,688,248,I'm very unhappy with this purchase. It didn't meet my expectations.,6/17/2024
72,681,221,Works perfectly! Totally exceeded my expectations in terms of performance.,3/8/2024
73,307,214,Great product and excellent customer support. Totally worth it!,8/8/2025
74,596,240,"I love this item. It's sturdy, functional, and well-made.",4/10/2024
75,708,224,"It's an okay product, but there are some issues I have with it.",7/10/2025
76,785,204,Very sleek design and works just as advertised. Love it!,6/2/2024
77,756,229,The product is exactly what I was hoping for. I'm very satisfied.,9/15/2025
78,666,283,The quality and performance of this product are top-notch.,8/14/2025
79,193,231,This product didn't work as expected. It's unreliable and frustrating.,3/31/2024
80,229,225,I absolutely love this! It's even better than I expected.,6/28/2025
81,747,242,Top-notch customer service and a reliable product. Great job!,5/17/2024
82,129,251,I'm amazed by how well it works. Great value for the price!,7/26/2025
83,141,272,"Not good at all. The quality is very poor, and I'm disappointed.",9/9/2025
84,898,281,"It works fine for now, but I'm not sure about its long-term durability.",10/20/2025
85,100,220,I've had a wonderful experience with this product. Definitely recommend it!,4/14/2024
86,508,206,"I have mixed feelings. It's fine, but I was expecting a bit more.",12/27/2025
87,992,200,I regret buying this. The product is ineffective and badly made.,10/5/2025
88,744,275,Worth every penny! Amazing quality and service.,5/11/2024
89,187,284,"The quality is average, and it's okay for the price.",8/28/2025
90,983,243,Great performance and easy to use. I'm very satisfied with this product.,3/23/2024
91,571,206,I've never been this satisfied with a purchase before.,6/8/2024
92,474,278,Very high-quality product. I would buy it again without hesitation.,12/22/2025
93,739,248,This product didn't live up to its promises. I'm very disappointed.,1/20/2024
94,949,267,Extremely dissatisfied. The product broke down after just one use.,1/12/2024
95,992,229,Best investment I've made in a long time. Very happy with my purchase.,6/8/2024
96,256,222,Perfect product for my needs! I can't imagine using anything else now.,7/12/2025
97,952,270,"Great design, easy to use, and it works wonderfully. Highly recommend!",4/7/2024
98,847,296,"It's a decent product, but it doesn't offer the best value for the price.",9/26/2025
99,808,284,This product has exceeded all my expectations. Very satisfied.,6/7/2024
100,843,296,"The customer service was fantastic, and the product arrived on time.",12/15/2025
101,470,258,"It does the job, but I wasn't impressed by its performance.",5/5/2024
102,194,292,This product does exactly what I wanted it to do. Very pleased.,5/2/2024
103,289,209,Impressed with the durability and performance of this product.,4/3/2024
104,366,246,"The product is decent, but I've come across better quality.",2/16/2024
105,302,235,Everything about this product is great! It works as advertised and more.,7/22/2025
106,591,205,Works perfectly! Totally exceeded my expectations in terms of performance.,3/19/2024
107,967,254,I'm very pleased with how quickly it arrived and the quality of the product.,1/21/2024
108,419,239,"I've been using this for a few weeks now, and it works flawlessly.",8/22/2025
109,572,278,This has been one of the best purchases I've made. Highly recommended!,7/25/2025
110,130,283,"It's okay for basic use, but I wouldn't recommend it for anything more.",12/20/2025
111,169,204,This product is decent but doesn't stand out in any way.,1/12/2024
112,791,244,The product is exactly what I was hoping for. I'm very satisfied.,12/13/2025
113,963,296,Everything about this product is perfect. So happy with it!,4/12/2024
114,283,279,This has been one of the best purchases I've made. Highly recommended!,8/16/2025
115,253,245,"The product arrived on time, and I couldn't be happier with it.",5/31/2024
116,383,260,The quality is outstanding. I'm extremely impressed.,3/11/2024
117,676,225,I absolutely love this product! It exceeded my expectations in every way.,6/17/2024
118,615,225,I regret buying this. The quality is terrible and it stopped working within a week.,10/8/2025
119,434,253,"Excellent quality, great design, and super easy to use.",3/16/2024
120,433,212,"It's decent for the price, but it's not high quality.",2/15/2024
121,316,279,I'm amazed by how well it works. Great value for the price!,3/14/2024
122,529,221,I regret buying this. The quality is terrible and it stopped working within a week.,4/13/2024
123,574,234,Worth every penny! Amazing quality and service.,4/17/2024
124,795,261,"It works as advertised, but it's not particularly impressive.",10/31/2025
125,235,222,"The product does its job, but I expected something more impressive.",4/24/2024
126,503,273,It's sufficient for basic needs but could be better.,9/1/2025
127,185,295,"It's not great, but it's not bad either. It's somewhere in between.",5/30/2024
128,120,210,The product is exactly what I was hoping for. I'm very satisfied.,6/25/2024
129,759,263,Worth every penny! Amazing quality and service.,8/23/2025
130,150,249,Wonderful product! The quality and performance are unmatched.,10/2/2025
131,465,217,The product is exactly what I was hoping for. I'm very satisfied.,3/15/2024
132,898,295,"It serves its purpose, but it's not anything extraordinary.",12/16/2025
133,137,238,I can't believe I wasted my money on this. It's not worth it.,7/7/2025
134,571,220,"Fantastic quality, and the performance is just amazing. Highly recommend!",5/16/2024
135,355,241,"The product is good for the price, but there are some minor flaws.",7/21/2025
136,560,293,I was expecting more from this product. It doesn't perform well.,9/26/2025
137,349,247,Great performance and easy to use. I'm very satisfied with this product.,7/15/2025
138,317,294,"Fantastic quality, and the performance is just amazing. Highly recommend!",10/11/2025
139,375,251,"I'm satisfied, but I'm not overly enthusiastic about this product.",10/6/2025
140,242,250,"The product is okay, just nothing special to make it stand out.",9/11/2025
141,281,266,"This item is exactly as described, and it works beautifully!",8/2/2025
142,804,215,"Not good at all. The quality is very poor, and I'm disappointed.",6/1/2024
143,723,271,Best investment I've made in a long time. Very happy with my purchase.,10/1/2025
144,141,262,I'm very happy with the performance. It does exactly what I need.,10/15/2025
145,492,292,I absolutely love this! It's even better than I expected.,6/3/2024
146,261,225,I'm very happy with the performance. It does exactly what I need.,10/18/2025
147,317,230,Top-notch customer service and a reliable product. Great job!,9/14/2025
148,487,262,The product does not match the description. Avoid this seller.,2/24/2024
149,907,275,"It's a standard product, nothing to rave about.",7/21/2025
150,566,218,"I tried using it, but it's just not functional. Very frustrating.",1/21/2024
151,312,282,The best product I've used in a long time. Kudos to the team!,8/8/2025
152,161,216,"It's okay for basic use, but I wouldn't recommend it for anything more.",7/9/2025
153,616,226,Top-notch customer service and a reliable product. Great job!,3/14/2024
154,843,207,I am extremely satisfied with my purchase. Worth every penny!,1/26/2024
155,564,279,I absolutely love this product! It exceeded my expectations in every way.,2/20/2024
156,715,216,I'm really impressed with the quality and the results. 10/10!,2/2/2024
157,875,253,Best investment I've made in a long time. Very happy with my purchase.,1/19/2024
158,331,224,Perfect product for my needs! I can't imagine using anything else now.,11/6/2025
159,493,287,The product is okay but nothing too special.,7/13/2025
160,673,238,"It's not bad, but I wouldn't say it's great either.",10/4/2025
161,939,299,The item I received was completely different from what was shown online.,1/18/2024
162,168,285,"It works so well, and it's exactly what I needed for my project.",1/28/2024
163,653,231,"It's a standard product, nothing to rave about.",6/11/2024
164,266,223,Such a fantastic product at a great price. Worth every cent!,11/20/2025
165,929,274,Overpriced for what it offers. Very unhappy with my purchase.,2/7/2024
166,889,270,"It's fine for casual use, but I wouldn't use it for anything heavy.",10/18/2025
167,119,269,"It serves its purpose, but it's not anything extraordinary.",6/8/2024
168,488,235,"The product didn't last long, and the performance was very underwhelming.",10/9/2025
169,881,252,"The product is good for the price, but there are some minor flaws.",5/11/2024
170,261,246,"I've been using this for a few weeks now, and it works flawlessly.",1/20/2024
171,456,230,I've never been this satisfied with a purchase before.,3/7/2024
172,690,273,I'm amazed by how well it works. Great value for the price!,6/9/2024
173,804,239,Works perfectly! Totally exceeded my expectations in terms of performance.,10/21/2025
174,281,222,"I've used it for a week, and it functions as advertised, but it's not extraordinary.",5/17/2024
175,914,217,"I've used it a few times and it works, but it's not impressive.",7/13/2025
176,945,259,The best product I've used in a long time. Kudos to the team!,12/25/2025
177,554,218,"It's good enough to keep, but I'm not excited about it.",6/30/2025
178,650,247,I've had a wonderful experience with this product. Definitely recommend it!,4/8/2024
179,567,224,"The product is decent, but I've come across better quality.",11/25/2025
180,848,279,This product didn't live up to its promises. I'm very disappointed.,12/27/2025
181,427,258,Everything about this product is great! It works as advertised and more.,4/19/2024
182,514,299,"It works, but it doesn't feel like a high-end product.",6/8/2024
183,315,242,Very sleek design and works just as advertised. Love it!,5/21/2024
184,417,287,This product didn't live up to its promises. I'm very disappointed.,7/2/2025
185,325,283,This product does exactly what I wanted it to do. Very pleased.,4/21/2024
186,308,223,The quality is outstanding. I'm extremely impressed.,2/8/2024
187,160,260,The quality is outstanding. I'm extremely impressed.,6/15/2024
188,629,262,Great product and excellent customer support. Totally worth it!,3/8/2024
189,569,257,Impressed with the durability and performance of this product.,12/3/2025
190,691,216,It was a complete waste of money. I would never buy this again.,10/23/2025
191,153,214,"Very poor product. It broke down after minimal use, and I'm not happy.",11/18/2025
192,423,284,Perfect product for my needs! I can't imagine using anything else now.,8/21/2025
193,599,250,"Great design, easy to use, and it works wonderfully. Highly recommend!",9/2/2025
194,941,275,Worth every penny! Amazing quality and service.,2/21/2024
195,891,274,Very disappointed with my purchase. The product is useless.,5/8/2024
196,718,294,It's easy to use and super efficient. I'm so glad I bought it.,9/10/2025
197,555,226,"It's a decent option, but not the best one out there.",3/25/2024
198,415,289,"It works so well, and it's exactly what I needed for my project.",7/18/2025
199,860,236,Everything about this product is perfect. So happy with it!,5/3/2024
200,963,273,Everything about this product is great! It works as advertised and more.,8/27/2025
201,370,208,Not worth the investment. Very disappointing experience.,1/5/2024
202,544,265,This is exactly what I was looking for. I'm so glad I bought it!,6/24/2024
203,261,252,I was expecting more from this product. It doesn't perform well.,1/30/2024
204,491,223,Excellent quality and fast shipping. Very happy with it.,4/14/2024
205,847,286,"I love this item. It's sturdy, functional, and well-made.",1/31/2024
206,312,200,Great product and excellent customer support. Totally worth it!,7/18/2025
207,446,238,Very high-quality product. I would buy it again without hesitation.,5/1/2024
208,644,208,I couldn't be more pleased with this purchase. It works perfectly!,3/10/2024
209,538,265,The quality is outstanding. I'm extremely impressed.,4/12/2024
210,684,288,"It's neither good nor bad. It works, but nothing to rave about.",5/21/2024
211,949,253,"It's an okay product, but there are some issues I have with it.",8/4/2025
212,687,231,I'm very happy with the performance. It does exactly what I need.,12/3/2025
213,576,282,"The product functions well, but I feel it could be improved in some areas.",6/16/2024
214,237,201,"I tried to get support, but they never helped. The product is just bad.",1/19/2024
215,703,245,"It's a decent product, but it doesn't offer the best value for the price.",2/21/2024
216,568,271,"It's an okay product, but there are some issues I have with it.",7/4/2025
217,801,201,"The customer service was fantastic, and the product arrived on time.",11/29/2025
218,392,234,It's easy to use and super efficient. I'm so glad I bought it.,8/3/2025
219,395,260,"It serves its purpose, but it's not anything extraordinary.",10/10/2025
220,288,231,Works perfectly! Totally exceeded my expectations in terms of performance.,6/24/2024
221,240,206,"The product arrived on time, and I couldn't be happier with it.",8/16/2025
222,585,217,I've had a wonderful experience with this product. Definitely recommend it!,11/26/2025
223,968,225,"It works fine for what it's meant to do, but there's nothing exciting about it.",10/22/2025
224,226,214,I've had a wonderful experience with this product. Definitely recommend it!,10/19/2025
225,182,238,"I was expecting something better, but this product is just average.",12/17/2025
226,308,255,"The customer service was fantastic, and the product arrived on time.",4/3/2024
227,714,285,This product has exceeded all my expectations. I'm thrilled with it.,12/19/2025
228,160,249,The product is just fine. Doesn't stand out in any way.,11/24/2025
229,219,265,"I have no complaints, but I don't have any praise for it either.",8/18/2025
230,328,249,"The product arrived on time, but it's just alright.",9/18/2025
231,503,214,This product is absolutely amazing. I'm recommending it to all my friends.,3/25/2024
232,239,298,This has been one of the best purchases I've made. Highly recommended!,7/9/2025
233,901,291,Great performance and easy to use. I'm very satisfied with this product.,6/19/2024
234,606,256,I am extremely satisfied with my purchase. Worth every penny!,7/30/2025
235,727,252,"It's not bad, just didn't live up to the expectations I had.",11/13/2025
236,493,283,The quality is outstanding. I'm extremely impressed.,9/19/2025
237,560,226,I've been using it for a while now and it's performing perfectly.,7/26/2025
238,380,253,This product has exceeded all my expectations. I'm thrilled with it.,12/7/2025
239,300,280,Not worth the investment. Very disappointing experience.,8/16/2025
240,703,222,This is exactly what I was looking for. I'm so glad I bought it!,1/13/2024
241,604,215,"I don't hate it, but I don't love it either. It's just average.",12/1/2025
242,689,225,This product has exceeded all my expectations. Very satisfied.,7/14/2025
243,210,224,"It works, but it doesn't feel like a high-end product.",1/15/2024
244,401,219,"I tried to get support, but they never helped. The product is just bad.",2/23/2024
245,989,295,"It's functional, but I don't feel strongly about it either way.",1/20/2024
246,789,241,Perfect fit for my needs. Will definitely order again.,6/21/2024
247,308,259,"The customer service was fantastic, and the product arrived on time.",10/26/2025
248,616,231,I've never been this satisfied with a purchase before.,10/12/2025
249,860,285,I'm amazed by how well it works. Great value for the price!,8/29/2025
250,280,275,I regret buying this. The quality is terrible and it stopped working within a week.,2/20/2024
251,711,212,"It does its job, but I wouldn't say it's a standout product.",6/16/2024
252,804,241,This product is decent but doesn't stand out in any way.,7/26/2025
253,466,218,The quality and performance of this product are top-notch.,11/14/2025
254,396,217,I'm very pleased with how quickly it arrived and the quality of the product.,7/30/2025
255,583,231,"It works, but it doesn't feel like a high-end product.",5/17/2024
256,740,260,"The product is awful. It doesn't work as it should, and it's frustrating to use.",3/14/2024
257,630,216,This product does exactly what I wanted it to do. Very pleased.,8/5/2025
258,629,252,Very poor quality. It's already falling apart after a few weeks of use.,4/18/2024
259,249,205,I've had better products for less money. This one is definitely not worth it.,10/13/2025
260,486,225,"I have mixed feelings. It's fine, but I was expecting a bit more.",6/27/2025
261,257,229,This product is absolutely amazing. I'm recommending it to all my friends.,8/7/2025
262,342,277,"The product works, but I've had better experiences with similar products.",4/22/2024
263,426,280,"I have no complaints, but I don't have any praise for it either.",6/25/2024
264,910,224,I absolutely love this! It's even better than I expected.,10/4/2025
265,122,233,I've never been this satisfied with a purchase before.,10/2/2025
266,791,241,Top-notch customer service and a reliable product. Great job!,7/28/2025
267,312,219,I'm amazed by how well it works. Great value for the price!,4/30/2024
268,701,285,"It's a decent product for the price, though there are better alternatives.",5/10/2024
269,954,230,The quality and performance of this product are top-notch.,6/3/2024
270,853,202,Wonderful product! The quality and performance are unmatched.,1/4/2024
271,107,240,"I love this item. It's sturdy, functional, and well-made.",4/29/2024
272,883,228,"It's a standard product, nothing to rave about.",11/27/2025
273,814,270,"It's fine, but it doesn't exceed the expectations set by the description.",2/13/2024
274,603,241,Top-notch customer service and a reliable product. Great job!,6/26/2025
275,297,211,The product is exactly what I was hoping for. I'm very satisfied.,9/28/2025
276,434,239,It was a complete waste of money. I would never buy this again.,10/6/2025
277,929,222,"It's neither good nor bad. It works, but nothing to rave about.",4/10/2024
278,818,282,I can't believe I wasted my money on this. It's not worth it.,2/29/2024
279,455,294,This product is decent but doesn't stand out in any way.,11/3/2025
280,153,245,I'm extremely disappointed with this product. It doesn't work as promised.,2/11/2024
281,621,246,This product has made my daily routine so much easier. Highly recommend.,6/30/2025
282,680,242,I'm really impressed with the quality and the results. 10/10!,12/22/2025
283,383,275,It stopped working almost immediately. Waste of money.,8/14/2025
284,591,254,"It works so well, and it's exactly what I needed for my project.",2/24/2024
285,308,237,I absolutely love this product! It exceeded my expectations in every way.,4/20/2024
286,380,224,I'm extremely disappointed with this product. It doesn't work as promised.,1/26/2024
287,504,262,"It's a standard product, nothing to rave about.",4/8/2024
288,432,292,This product is decent but doesn't stand out in any way.,10/25/2025
289,854,256,So impressed by the quality. This product truly delivers.,2/26/2024
290,330,213,"Does the job, but I wouldn't call it extraordinary.",4/27/2024
291,969,243,It's easy to use and super efficient. I'm so glad I bought it.,3/26/2024
292,518,216,"It's not a bad product, but I think I could find something better.",12/29/2025
293,805,223,Impressed with the durability and performance of this product.,3/17/2024
294,555,281,"The product didn't last long, and the performance was very underwhelming.",1/29/2024
295,604,224,I'm very pleased with how quickly it arrived and the quality of the product.,5/27/2024
296,156,206,"The instructions were unclear, and it doesn't work as advertised.",10/25/2025
297,642,232,Impressed with the durability and performance of this product.,7/29/2025
298,923,267,I regret buying this. The quality is terrible and it stopped working within a week.,9/18/2025
299,844,261,"I had high hopes, but this product failed to deliver.",1/3/2024
300,553,247,Wonderful product! The quality and performance are unmatched.,2/17/2024
301,545,229,Best investment I've made in a long time. Very happy with my purchase.,2/5/2024
302,824,220,I regret buying this. Save your money and look elsewhere.,7/8/2025
303,300,231,"The product functions well, but I feel it could be improved in some areas.",12/22/2025
304,796,201,Such a fantastic product at a great price. Worth every cent!,4/6/2024
305,482,282,Fantastic experience from start to finish. Highly recommend!,3/10/2024
306,459,295,Extremely dissatisfied. The product broke down after just one use.,3/21/2024
307,892,265,"An average experience overall, neither great nor bad.",12/30/2025
308,408,285,Perfect fit for my needs. Will definitely order again.,8/12/2025
309,512,234,"It works well, but there's nothing exciting about it.",5/10/2024
310,690,241,I've never been this satisfied with a purchase before.,1/29/2024
311,795,222,"It's decent for the price, but it's not high quality.",8/30/2025
312,262,215,"It's not bad, just didn't live up to the expectations I had.",2/26/2024
313,648,266,It's easy to use and super efficient. I'm so glad I bought it.,12/14/2025
314,614,256,"It's not bad, just didn't live up to the expectations I had.",10/12/2025
315,733,293,"Excellent quality, great design, and super easy to use.",5/4/2024
316,657,209,The product is exactly what I was hoping for. I'm very satisfied.,6/10/2024
317,727,284,"It's okay for basic use, but I wouldn't recommend it for anything more.",7/22/2025
318,872,239,The product performs decently but lacks some key features.,10/1/2025
319,233,271,It's sufficient for basic needs but could be better.,10/4/2025
320,119,269,"It serves its purpose, but it's not anything extraordinary.",8/9/2025
321,162,234,Perfect product for my needs! I can't imagine using anything else now.,6/22/2024
322,244,200,Perfect product for my needs! I can't imagine using anything else now.,3/7/2024
323,170,279,"It's functional, but I'm not blown away by it.",9/22/2025
324,371,255,The product does exactly what it's supposed to do. Very happy.,6/2/2024
325,684,279,"I have no complaints, but I don't have any praise for it either.",5/15/2024
326,459,299,I couldn't be more pleased with this purchase. It works perfectly!,8/18/2025
327,510,291,I couldn't be happier with my purchase. It's perfect for what I needed.,6/28/2025
328,569,269,"The instructions were unclear, and it doesn't work as advertised.",4/6/2024
329,599,244,"It's a decent option, but not the best one out there.",1/3/2024
330,883,271,The product is okay but nothing too special.,2/24/2024
331,120,298,Impressed with the durability and performance of this product.,5/19/2024
332,308,237,It's sufficient for basic needs but could be better.,5/29/2024
333,843,251,"The product arrived on time, but it's just alright.",12/16/2025
334,368,264,"It's a decent product, but it doesn't offer the best value for the price.",11/13/2025
335,710,222,This doesn't even deserve one star. Completely useless and unreliable.,7/16/2025
336,312,222,"It's decent for the price, but it's not high quality.",5/3/2024
337,457,253,Poor quality and unreliable. Would not buy again.,6/22/2024
338,522,216,I would not recommend this to anyone. It's a complete waste of money.,7/28/2025
339,696,261,This product has saved me so much time and effort. I couldn't be happier.,1/16/2024
340,840,219,I couldn't be more pleased with this purchase. It works perfectly!,2/21/2024
341,626,234,Not worth the hype. It's poorly made and doesn't function well.,7/27/2025
342,424,299,I would not recommend this to anyone. It's a complete waste of money.,4/5/2024
343,756,224,"It's functional, but it's not a must-have product.",4/23/2024
344,561,227,I would not recommend this to anyone. It's a complete waste of money.,7/30/2025
345,865,273,"It's an okay product, nothing too fancy but does what it needs to do.",4/2/2024
346,605,298,"It does the job, but I wasn't impressed by its performance.",1/13/2024
347,217,201,"It's neither good nor bad. It works, but nothing to rave about.",3/30/2024
348,642,211,"This item is exactly as described, and it works beautifully!",12/23/2025
349,230,294,Top-notch customer service and a reliable product. Great job!,6/13/2024
350,574,216,"The product works, but I've had better experiences with similar products.",7/21/2025
351,741,207,Such a fantastic product at a great price. Worth every cent!,9/24/2025
352,739,269,The product is okay but nothing too special.,1/17/2024
353,712,239,The product functions as expected but isn't remarkable.,8/10/2025
354,346,247,"The product is decent, but I've come across better quality.",12/3/2025
355,222,256,"It's a decent option, but not the best one out there.",10/30/2025
356,378,230,I'm very pleased with how quickly it arrived and the quality of the product.,10/22/2025
357,552,200,Very high-quality product. I would buy it again without hesitation.,2/8/2024
358,324,243,"The product is okay, just nothing special to make it stand out.",5/17/2024
359,325,250,"Fantastic quality, and the performance is just amazing. Highly recommend!",2/2/2024
360,286,284,"I was expecting something better, but this product is just average.",6/4/2024
361,265,284,"I was expecting something better, but this product is just average.",1/27/2024
362,950,284,The product was defective when I received it. Very disappointing.,1/19/2024
363,854,203,So impressed by the quality. This product truly delivers.,5/19/2024
364,631,265,I'm very happy with the performance. It does exactly what I need.,11/20/2025
365,866,205,Very high-quality product. I would buy it again without hesitation.,4/19/2024
366,581,268,This product has exceeded all my expectations. I'm thrilled with it.,11/20/2025
367,505,238,"It works fine for what it's meant to do, but there's nothing exciting about it.",5/21/2024
368,796,247,It was a complete waste of money. I would never buy this again.,11/6/2025
369,108,259,"It serves its purpose, but it's not anything extraordinary.",7/28/2025
370,285,256,"The product arrived on time, and I couldn't be happier with it.",3/18/2024
371,627,279,"It's not great, but it's not bad either. It's somewhere in between.",9/11/2025
372,756,216,"It's good enough to keep, but I'm not excited about it.",7/9/2025
373,928,208,I'm very happy with the performance. It does exactly what I need.,11/25/2025
374,105,263,Very high-quality product. I would buy it again without hesitation.,8/26/2025
375,282,207,This product is absolutely amazing. I'm recommending it to all my friends.,12/9/2025
376,257,200,"The quality is average, and it's okay for the price.",8/27/2025
377,315,260,"It's acceptable, but I don't have any strong feelings about it.",11/2/2025
378,597,233,"I tried using it, but it's just not functional. Very frustrating.",12/26/2025
379,964,218,The item broke after a few days of use. Not happy at all.,7/23/2025
380,931,243,"I'm so dissatisfied. It doesn't work, and the build quality is subpar.",10/7/2025
381,630,274,The product does exactly what it's supposed to do. Very happy.,2/6/2024
382,587,234,"It works fine for now, but I'm not sure about its long-term durability.",11/12/2025
383,396,241,Such a fantastic product at a great price. Worth every cent!,11/28/2025
384,626,209,"It works fine, but I had expected a bit more for the price.",7/18/2025
385,614,252,"Nothing to complain about, but nothing extraordinary either.",1/19/2024
386,391,217,The product is exactly what I was hoping for. I'm very satisfied.,1/25/2024
387,568,292,"The customer service was fantastic, and the product arrived on time.",6/19/2024
388,463,278,Very poor quality. It's already falling apart after a few weeks of use.,5/23/2024
389,739,228,I'm really upset with this purchase. It didn't do what it claimed.,11/8/2025
390,976,278,I'm really impressed with the quality and the results. 10/10!,7/19/2025
391,969,280,Completely useless. It doesn't do what it says on the box.,9/17/2025
392,632,206,The product is functional but doesn't offer anything exciting.,2/20/2024
393,548,275,Excellent quality and fast shipping. Very happy with it.,12/11/2025
394,429,230,Wonderful product! The quality and performance are unmatched.,4/14/2024
395,675,210,Not worth the investment. Very disappointing experience.,1/18/2024
396,681,284,"It's functional, but it's not a must-have product.",10/5/2025
397,286,279,I absolutely love this product! It exceeded my expectations in every way.,1/21/2024
398,733,296,"It's decent, though I expected a little more.",1/6/2024
399,932,252,"The product works as expected, but it's nothing special.",5/24/2024
400,648,221,Everything about this product is great! It works as advertised and more.,10/23/2025
401,964,248,"It's good, but I was hoping for a bit more in terms of performance.",11/23/2025
402,661,294,Very sleek design and works just as advertised. Love it!,12/19/2025
403,485,233,"It's good enough to keep, but I'm not excited about it.",4/3/2024
404,728,227,This is exactly what I was looking for. I'm so glad I bought it!,1/12/2024
405,825,291,"It's not a bad product, but I think I could find something better.",1/10/2024
406,870,208,"It's an okay product, but there are some issues I have with it.",8/26/2025
407,284,235,The product functions as expected but isn't remarkable.,11/10/2025
408,341,294,"It works fine for now, but I'm not sure about its long-term durability.",2/5/2024
409,909,224,Worst purchase I've made in a while. It broke after just one use.,10/2/2025
410,862,210,Everything about this product is perfect. So happy with it!,10/10/2025
411,649,211,"I had high hopes, but this product failed to deliver.",11/15/2025
412,224,200,"It didn't work from the start, and I'm very upset with the quality.",4/23/2024
413,198,275,The product does exactly what it's supposed to do. Very happy.,12/4/2025
414,130,279,Everything about this product is great! It works as advertised and more.,1/2/2024
415,885,288,The product does not match the description. Avoid this seller.,9/25/2025
416,590,279,This is hands down the best purchase I've made this year.,1/28/2024
417,168,280,"The customer service was fantastic, and the product arrived on time.",6/4/2024
418,940,279,I regret buying this. The quality is terrible and it stopped working within a week.,12/29/2025
419,644,211,The quality is outstanding. I'm extremely impressed.,5/13/2024
420,568,208,I am extremely satisfied with my purchase. Worth every penny!,10/21/2025
421,506,227,I've never been this satisfied with a purchase before.,2/10/2024
422,412,208,"It works fine, but I had expected a bit more for the price.",3/30/2024
423,395,200,"An average experience overall, neither great nor bad.",4/14/2024
424,985,250,"The product arrived on time, but it's just alright.",11/18/2025
425,107,234,This is the worst item I've ever bought. I wish I could return it.,4/2/2024
426,576,200,"It works fine, but I had expected a bit more for the price.",10/20/2025
427,370,262,This product has saved me so much time and effort. I couldn't be happier.,12/1/2025
428,540,204,It's neither great nor terrible. It's just okay.,1/14/2024
429,120,275,This product has exceeded all my expectations. Very satisfied.,4/20/2024
430,552,214,It stopped working almost immediately. Waste of money.,4/11/2024
431,506,231,I would not recommend this to anyone. It's a complete waste of money.,6/23/2024
432,137,205,Not worth the investment. Very disappointing experience.,8/11/2025
433,669,287,"I can't say it's amazing, but it does what I need it to do.",3/13/2024
434,208,231,"This item is exactly as described, and it works beautifully!",6/6/2024
435,212,290,"I'm satisfied, but I'm not overly enthusiastic about this product.",8/23/2025
436,765,252,Extremely dissatisfied. The product broke down after just one use.,12/31/2025
437,402,234,This is one of the best products I've bought in a long time.,12/8/2025
438,762,292,"A practical product, though not particularly exciting.",3/29/2024
439,119,204,"It works, but I've had better products for the same price.",2/28/2024
440,662,234,"It's good enough to keep, but I'm not excited about it.",8/19/2025
441,445,281,"Excellent quality, great design, and super easy to use.",9/21/2025
442,513,247,"It's functional, but it's not a must-have product.",8/31/2025
443,482,241,This has been one of the best purchases I've made. Highly recommended!,9/29/2025
444,621,281,Everything about this product is great! It works as advertised and more.,6/17/2024
445,788,294,"Not good at all. The quality is very poor, and I'm disappointed.",6/1/2024
446,949,286,I regret buying this. Save your money and look elsewhere.,5/21/2024
447,872,289,"This product does its job, but I wouldn't go out of my way to buy it again.",9/27/2025
448,992,258,I absolutely love this product! It exceeded my expectations in every way.,10/15/2025
449,904,229,Great performance and easy to use. I'm very satisfied with this product.,5/21/2024
450,285,206,I'm very unhappy with this purchase. It didn't meet my expectations.,10/25/2025
451,401,243,I couldn't be more pleased with this purchase. It works perfectly!,12/12/2025
452,156,294,Everything about this product is great! It works as advertised and more.,10/3/2025
453,277,200,"It's functional, but it's not a must-have product.",5/17/2024
454,297,264,"An average experience overall, neither great nor bad.",3/18/2024
455,239,273,Everything about this product is perfect. So happy with it!,6/15/2024
456,886,260,"The customer service was fantastic, and the product arrived on time.",10/16/2025
457,115,220,I'm very pleased with how quickly it arrived and the quality of the product.,7/2/2025
458,801,294,Top-notch customer service and a reliable product. Great job!,10/20/2025
459,672,273,"It's decent, though I expected a little more.",4/6/2024
460,567,247,"I've used it a few times and it works, but it's not impressive.",9/6/2025
461,240,293,The product was defective when I received it. Very disappointing.,3/5/2024
462,510,291,"Perfect fit, great design, and works like a charm. Very pleased!",6/21/2024
463,662,283,"It works, but it doesn't feel like a high-end product.",9/18/2025
464,816,207,I've had a wonderful experience with this product. Definitely recommend it!,8/9/2025
465,599,299,Everything about this product is great! It works as advertised and more.,9/20/2025
466,941,273,I would not recommend this to anyone. It's a complete waste of money.,9/5/2025
467,678,284,It's neither great nor terrible. It's just okay.,3/15/2024
468,148,253,"The quality is fine, but I've seen better products at this price.",12/5/2025
469,448,268,This product is decent but doesn't stand out in any way.,10/17/2025
470,651,214,"Very poor product. It broke down after minimal use, and I'm not happy.",6/5/2024
471,951,219,"It's a decent product, but it doesn't offer the best value for the price.",8/16/2025
472,633,271,I've been using it for a while now and it's performing perfectly.,10/21/2025
473,313,237,I'm frustrated with this product. It's not what I hoped for at all.,11/4/2025
474,901,265,"It's decent, though I expected a little more.",10/2/2025
475,693,234,I absolutely love this! It's even better than I expected.,6/22/2024
476,903,257,"The product works as expected, but it's nothing special.",9/5/2025
477,487,207,Great performance and easy to use. I'm very satisfied with this product.,5/28/2024
478,368,298,"I'm satisfied, but I'm not overly enthusiastic about this product.",12/18/2025
479,844,220,So impressed by the quality. This product truly delivers.,10/26/2025
480,420,240,Great product and excellent customer support. Totally worth it!,4/21/2024
481,733,216,"I love this item. It's sturdy, functional, and well-made.",1/1/2024
482,627,235,Absolutely love this product! It's a game-changer.,9/25/2025
483,759,236,"A practical product, though not particularly exciting.",11/10/2025
484,383,275,This has made my life so much easier. I highly recommend it!,11/20/2025
485,656,265,The product is okay but nothing too special.,5/24/2024
486,808,276,This is hands down the best purchase I've made this year.,9/23/2025
487,476,284,The quality is outstanding. I'm extremely impressed.,9/9/2025
488,967,220,"I had high hopes for this, but it was a total letdown.",7/26/2025
489,537,291,"It's a decent product, but it doesn't offer the best value for the price.",4/9/2024
490,308,280,"Excellent quality, great design, and super easy to use.",10/18/2025
491,568,231,I've been using it for a while now and it's performing perfectly.,11/19/2025
492,523,252,This product does exactly what I wanted it to do. Very pleased.,5/2/2024
493,603,203,Perfect fit for my needs. Will definitely order again.,7/19/2025
494,202,291,"I've used it a few times and it works, but it's not impressive.",6/10/2024
495,889,263,"I've used it a few times and it works, but it's not impressive.",2/11/2024
496,560,279,I absolutely love this product! It exceeded my expectations in every way.,9/14/2025
497,589,242,"Not good at all. The quality is very poor, and I'm disappointed.",12/14/2025
498,606,219,"I had high hopes, but this product failed to deliver.",11/14/2025
499,735,201,"I was expecting something better, but this product is just average.",1/25/2024
500,556,211,This is one of the best products I've bought in a long time.,2/9/2024
501,482,259,"The product functions well, but I feel it could be improved in some areas.",9/29/2025
502,848,225,"The product is decent, but I've come across better quality.",5/14/2024
503,710,206,I've had a wonderful experience with this product. Definitely recommend it!,1/23/2024
504,559,216,Not worth the investment. Very disappointing experience.,12/12/2025
505,951,264,"It didn't work from the start, and I'm very upset with the quality.",7/11/2025
506,511,281,It's easy to use and super efficient. I'm so glad I bought it.,12/29/2025
507,771,271,The quality and performance of this product are top-notch.,11/25/2025
508,129,217,I couldn't be more pleased with this purchase. It works perfectly!,2/25/2024
509,256,238,The quality is outstanding. I'm extremely impressed.,7/3/2025
510,164,234,"Not bad, but there's room for improvement in some areas.",7/3/2025
511,806,215,"I was hoping for something better, but this item is completely useless.",12/12/2025
512,686,203,Very poor quality. It's already falling apart after a few weeks of use.,2/11/2024
513,973,280,"It works, but I've had better products for the same price.",12/28/2025
514,333,207,"The product arrived on time, and I couldn't be happier with it.",6/18/2024
515,662,256,"The product arrived on time, but it's just alright.",4/9/2024
516,474,219,I've had better products for less money. This one is definitely not worth it.,3/21/2024
517,233,231,I don't recommend this at all. It's not functional and doesn't last.,1/21/2024
518,544,268,The product is of poor quality. It doesn't last long and doesn't do what it should.,8/28/2025
519,239,202,"It's not great, but it's not bad either. It's somewhere in between.",2/17/2024
520,670,231,Impressed with the durability and performance of this product.,1/20/2024
521,469,236,I've never been this satisfied with a purchase before.,11/18/2025
522,336,234,"The product arrived on time, and I couldn't be happier with it.",3/3/2024
523,391,283,Wonderful product! The quality and performance are unmatched.,9/2/2025
524,847,256,Perfect fit for my needs. Will definitely order again.,5/8/2024
525,145,266,"It's a standard product, nothing to rave about.",7/3/2025
526,611,291,"It's a standard product, nothing to rave about.",3/5/2024
527,913,279,"This didn't work as expected, and I'm very disappointed with my purchase.",1/12/2024
528,108,270,Top-notch customer service and a reliable product. Great job!,6/25/2024
529,690,223,Excellent quality and fast shipping. Very happy with it.,6/28/2025
530,747,231,I don't recommend this at all. It's not functional and doesn't last.,4/6/2024
531,228,249,"Perfect fit, great design, and works like a charm. Very pleased!",4/14/2024
532,548,216,This product is cheaply made and didn't meet my expectations at all.,6/1/2024
533,333,235,Best investment I've made in a long time. Very happy with my purchase.,9/15/2025
534,612,268,"I tried using it, but it's just not functional. Very frustrating.",8/1/2025
535,229,255,Not worth the money at all. It's cheaply made and poorly designed.,10/28/2025
536,349,270,This is one of the best products I've bought in a long time.,3/28/2024
537,839,200,"The product is decent, but I've come across better quality.",6/20/2024
538,994,293,"It's a decent product for the price, though there are better alternatives.",2/7/2024
539,485,207,This product has made my daily routine so much easier. Highly recommend.,10/7/2025
540,743,207,Very high-quality product. I would buy it again without hesitation.,1/26/2024
541,793,266,I'm very pleased with how quickly it arrived and the quality of the product.,10/31/2025
542,447,290,"I'm satisfied, but I'm not overly enthusiastic about this product.",6/23/2024
543,189,236,Great value for money. The product quality is superb!,7/18/2025
544,792,295,"The product arrived on time, but it's just alright.",1/7/2024
545,402,244,Everything about this product is great! It works as advertised and more.,1/3/2024
546,772,236,This product has exceeded all my expectations. Very satisfied.,2/23/2024
547,257,234,This is one of the best products I've bought in a long time.,11/18/2025
548,571,271,"It works fine for what it's meant to do, but there's nothing exciting about it.",12/4/2025
549,560,275,"The product is awful. It doesn't work as it should, and it's frustrating to use.",11/25/2025
550,238,296,Perfect product for my needs! I can't imagine using anything else now.,4/26/2024
551,943,211,This product is decent but doesn't stand out in any way.,10/5/2025
552,511,201,The product is not durable at all. It started malfunctioning right away.,12/18/2025
553,474,252,Everything about this product is perfect. So happy with it!,10/21/2025
554,164,256,I couldn't be happier with my purchase. It's perfect for what I needed.,7/3/2025
555,894,220,"It's an okay product, nothing too fancy but does what it needs to do.",12/16/2025
556,720,255,"I'm so dissatisfied. It doesn't work, and the build quality is subpar.",1/15/2024
557,590,259,Not worth the money at all. It's cheaply made and poorly designed.,7/4/2025
558,887,232,This has been one of the best purchases I've made. Highly recommended!,2/5/2024
559,276,217,I'm very pleased with how quickly it arrived and the quality of the product.,7/26/2025
560,546,278,Impressed with the durability and performance of this product.,4/30/2024
561,162,258,The product is exactly what I was hoping for. I'm very satisfied.,3/27/2024
562,362,218,"Perfect fit, great design, and works like a charm. Very pleased!",12/23/2025
563,554,214,Overpriced for what it offers. Very unhappy with my purchase.,6/25/2024
564,589,265,I absolutely love this product! It exceeded my expectations in every way.,2/15/2024
565,887,290,"I tried using it, but it's just not functional. Very frustrating.",11/10/2025
566,297,252,It's sufficient for basic needs but could be better.,12/25/2025
567,193,241,"It's a decent product for the price, though there are better alternatives.",9/10/2025
568,659,213,"The product is decent, but I've come across better quality.",10/18/2025
569,331,265,Terrible experience. The product doesn't perform well at all.,5/23/2024
570,771,258,I'm really impressed with the quality and the results. 10/10!,10/12/2025
571,669,225,This product does exactly what I wanted it to do. Very pleased.,6/22/2024
572,550,249,This product is cheaply made and didn't meet my expectations at all.,1/27/2024
573,405,248,"It does its job, but I wouldn't say it's a standout product.",7/28/2025
574,651,252,The product is exactly what I was hoping for. I'm very satisfied.,4/1/2024
575,481,298,"I've used it for a week, and it functions as advertised, but it's not extraordinary.",3/12/2024
576,729,206,"Customer service was unhelpful, and the product is subpar.",4/5/2024
577,998,230,The quality is outstanding. I'm extremely impressed.,6/10/2024
578,605,275,This product is absolutely amazing. I'm recommending it to all my friends.,11/30/2025
579,458,273,"The quality is fine, but I've seen better products at this price.",8/12/2025
580,333,279,"It's functional, but it's not a must-have product.",9/3/2025
581,650,207,Works perfectly! Totally exceeded my expectations in terms of performance.,3/17/2024
582,775,236,"It serves its purpose, but it's not anything extraordinary.",11/7/2025
583,578,297,Absolutely love this product! It's a game-changer.,1/31/2024
584,670,278,This product has made my daily routine so much easier. Highly recommend.,10/10/2025
585,172,299,I don't recommend this at all. It's not functional and doesn't last.,9/7/2025
586,594,209,"It works so well, and it's exactly what I needed for my project.",11/25/2025
587,742,215,"It works, but it doesn't feel like a high-end product.",11/5/2025
588,771,222,It's easy to use and super efficient. I'm so glad I bought it.,6/8/2024
589,702,241,"Not good at all. The quality is very poor, and I'm disappointed.",5/28/2024
590,201,274,"It's acceptable, but I don't have any strong feelings about it.",9/16/2025
591,228,256,Extremely dissatisfied. The product broke down after just one use.,4/16/2024
592,863,254,Completely useless. It doesn't do what it says on the box.,7/24/2025
593,484,296,It's neither great nor terrible. It's just okay.,11/11/2025
594,385,232,Wonderful product! The quality and performance are unmatched.,7/21/2025
595,672,215,Great value for money. The product quality is superb!,1/17/2024
596,711,263,The product is okay but nothing too special.,12/7/2025
597,710,256,I've had nothing but problems with this product. It's not reliable.,10/27/2025
598,801,280,"The product functions well, but I feel it could be improved in some areas.",9/14/2025
599,673,225,"I don't hate it, but I don't love it either. It's just average.",10/5/2025
600,643,288,I regret buying this. Save your money and look elsewhere.,10/29/2025
601,555,249,Such a fantastic product at a great price. Worth every cent!,1/13/2024
602,553,268,"It's good enough to keep, but I'm not excited about it.",5/28/2024
603,553,204,"The instructions were unclear, and it doesn't work as advertised.",8/9/2025
604,552,260,The item I received was completely different from what was shown online.,1/18/2024
605,870,263,"The instructions were unclear, and it doesn't work as advertised.",2/1/2024
606,576,291,This has been one of the best purchases I've made. Highly recommended!,9/10/2025
607,925,268,It's easy to use and super efficient. I'm so glad I bought it.,12/21/2025
608,583,291,Very high-quality product. I would buy it again without hesitation.,2/8/2024
609,485,217,Very high-quality product. I would buy it again without hesitation.,11/4/2025
610,994,285,"It's not a bad product, but I think I could find something better.",2/9/2024
611,492,244,The best product I've used in a long time. Kudos to the team!,4/13/2024
612,481,277,"I've used it for a week, and it functions as advertised, but it's not extraordinary.",1/27/2024
613,233,213,I was expecting more from this product. It doesn't perform well.,7/18/2025
614,994,230,"It does the job, but I wasn't impressed by its performance.",3/26/2024
615,720,209,I've been using it for a while now and it's performing perfectly.,8/4/2025
616,172,201,The product is okay but nothing too special.,6/28/2025
617,200,279,This product does exactly what I wanted it to do. Very pleased.,3/16/2024
618,436,283,"Perfect fit, great design, and works like a charm. Very pleased!",3/16/2024
619,115,289,This is the worst item I've ever bought. I wish I could return it.,10/23/2025
620,796,201,This product has made my daily routine so much easier. Highly recommend.,12/16/2025
621,936,205,Top-notch customer service and a reliable product. Great job!,5/1/2024
622,276,261,This is hands down the best purchase I've made this year.,6/8/2024
623,977,217,"It's acceptable, but I don't have any strong feelings about it.",4/21/2024
624,257,216,Such a fantastic product at a great price. Worth every cent!,4/16/2024
625,727,244,"It works so well, and it's exactly what I needed for my project.",8/22/2025
626,456,251,This product is absolutely amazing. I'm recommending it to all my friends.,2/4/2024
627,820,294,Very high-quality product. I would buy it again without hesitation.,3/1/2024
628,589,286,This is exactly what I was looking for. I'm so glad I bought it!,9/2/2025
629,148,223,"It's not bad, just didn't live up to the expectations I had.",8/13/2025
630,114,212,Works perfectly! Totally exceeded my expectations in terms of performance.,2/18/2024
631,967,233,This doesn't even deserve one star. Completely useless and unreliable.,4/21/2024
632,525,264,The product does exactly what it's supposed to do. Very happy.,10/11/2025
633,371,265,Best investment I've made in a long time. Very happy with my purchase.,8/16/2025
634,450,207,Very sleek design and works just as advertised. Love it!,10/27/2025
635,955,204,"It's good, but I was hoping for a bit more in terms of performance.",4/15/2024
636,308,267,I've been using it for a while now and it's performing perfectly.,1/17/2024
637,193,292,"It's okay for basic use, but I wouldn't recommend it for anything more.",11/10/2025
638,612,200,Great value for money. The product quality is superb!,2/3/2024
639,643,229,I was expecting more from this product. It doesn't perform well.,9/20/2025
640,969,297,This is exactly what I was looking for. I'm so glad I bought it!,5/11/2024
641,738,259,This product didn't work as expected. It's unreliable and frustrating.,5/7/2024
642,261,294,Very sleek design and works just as advertised. Love it!,7/26/2025
643,752,215,I couldn't be happier with my purchase. It's perfect for what I needed.,2/26/2024
644,976,287,"It didn't work from the start, and I'm very upset with the quality.",4/3/2024
645,677,257,This product has exceeded all my expectations. Very satisfied.,12/12/2025
646,522,234,Terrible experience. The product doesn't perform well at all.,4/8/2024
647,349,206,I'm frustrated with this product. It's not what I hoped for at all.,10/20/2025
648,761,221,"I have no complaints, but I don't have any praise for it either.",2/2/2024
649,331,248,Worth every penny! Amazing quality and service.,4/13/2024
650,413,270,This product is absolutely amazing. I'm recommending it to all my friends.,3/15/2024
651,216,229,"It's fine, but it doesn't exceed the expectations set by the description.",3/18/2024
652,638,231,Worth every penny! Amazing quality and service.,11/18/2025
653,559,251,"Customer service was unhelpful, and the product is subpar.",1/4/2024
654,224,274,Everything about this product is perfect. So happy with it!,3/29/2024
655,775,201,"The product is fine, but it lacks the features I was hoping for.",5/5/2024
656,622,230,The product functions as expected but isn't remarkable.,12/13/2025
657,583,284,This product is absolutely amazing. I'm recommending it to all my friends.,9/14/2025
658,762,262,Very high-quality product. I would buy it again without hesitation.,7/27/2025
659,678,284,"It's functional, but I don't feel strongly about it either way.",8/11/2025
660,191,220,Impressed with the durability and performance of this product.,1/24/2024
661,268,245,The best product I've used in a long time. Kudos to the team!,11/11/2025
662,556,276,The product is just fine. Doesn't stand out in any way.,10/12/2025
663,181,295,I've had a wonderful experience with this product. Definitely recommend it!,10/25/2025
664,499,284,The best product I've used in a long time. Kudos to the team!,9/4/2025
665,415,218,It's easy to use and super efficient. I'm so glad I bought it.,8/28/2025
666,450,285,The product is functional but doesn't offer anything exciting.,4/12/2024
667,102,247,"It's fine, but it doesn't exceed the expectations set by the description.",7/21/2025
668,713,237,Worth every penny! Amazing quality and service.,5/28/2024
669,433,262,I'm very pleased with how quickly it arrived and the quality of the product.,5/14/2024
670,795,285,"It's neither good nor bad. It works, but nothing to rave about.",9/23/2025
671,688,221,"This item is exactly as described, and it works beautifully!",6/25/2024
672,926,272,Terrible experience. The product doesn't perform well at all.,11/23/2025
673,288,294,I'm very pleased with how quickly it arrived and the quality of the product.,4/27/2024
674,686,222,So impressed by the quality. This product truly delivers.,2/22/2024
675,217,263,Overpriced for what it offers. Very unhappy with my purchase.,10/14/2025
676,550,257,It was a complete waste of money. I would never buy this again.,11/17/2025
677,257,215,It's an okay option if you're looking for something basic.,12/13/2025
678,926,204,"The product arrived on time, but it's just alright.",12/4/2025
679,683,224,I've never been this satisfied with a purchase before.,6/9/2024
680,286,267,The best product I've used in a long time. Kudos to the team!,6/21/2024
681,841,296,I absolutely love this! It's even better than I expected.,6/27/2025
682,854,271,I am extremely satisfied with my purchase. Worth every penny!,1/5/2024
683,487,246,"The product does its job, but I expected something more impressive.",2/12/2024
684,642,243,Very disappointing. I expected much more for the price I paid.,12/11/2025
685,643,288,This is exactly what I was looking for. I'm so glad I bought it!,1/11/2024
686,417,264,"The product is good for the price, but there are some minor flaws.",4/15/2024
687,196,252,"It's not a bad product, but I think I could find something better.",11/23/2025
688,985,215,I regret buying this. Save your money and look elsewhere.,3/30/2024
689,675,264,This has made my life so much easier. I highly recommend it!,4/29/2024
690,954,244,"Nothing to complain about, but nothing extraordinary either.",3/28/2024
691,265,223,I'm very happy with the performance. It does exactly what I need.,5/9/2024
692,458,241,"The product does its job, but I expected something more impressive.",9/3/2025
693,858,298,"I tried using it, but it's just not functional. Very frustrating.",8/8/2025
694,645,290,"It's a decent product, but it doesn't offer the best value for the price.",5/3/2024
695,314,255,"I tried to get support, but they never helped. The product is just bad.",7/30/2025
696,999,283,The product arrived damaged and the customer service was terrible.,8/5/2025
697,688,299,"It's good, but I was hoping for a bit more in terms of performance.",3/20/2024
698,921,234,"Customer service was unhelpful, and the product is subpar.",1/26/2024
699,378,262,Great performance and easy to use. I'm very satisfied with this product.,1/26/2024
700,248,259,Very disappointed with my purchase. The product is useless.,2/5/2024
701,927,208,"Excellent quality, great design, and super easy to use.",11/18/2025
702,238,251,Very poor quality. It's already falling apart after a few weeks of use.,8/14/2025
703,182,241,Great performance and easy to use. I'm very satisfied with this product.,9/16/2025
704,513,258,The product is not durable at all. It started malfunctioning right away.,10/16/2025
705,733,241,The product does not match the description. Avoid this seller.,2/28/2024
706,415,274,So impressed by the quality. This product truly delivers.,5/21/2024
707,368,288,Extremely disappointed with this product. Not recommended.,8/6/2025
708,839,211,"It's okay for basic use, but I wouldn't recommend it for anything more.",3/15/2024
709,936,240,"It serves its purpose, but it's not anything extraordinary.",4/5/2024
710,728,223,The product was defective when I received it. Very disappointing.,2/18/2024
711,893,210,I'm very happy with the performance. It does exactly what I need.,12/28/2025
712,944,291,The product was defective when I received it. Very disappointing.,1/1/2024
713,451,204,I'm amazed by how well it works. Great value for the price!,8/5/2025
714,163,261,Best investment I've made in a long time. Very happy with my purchase.,12/3/2025
715,268,227,Everything about this product is great! It works as advertised and more.,10/29/2025
716,485,273,"The product works as expected, but it's nothing special.",10/20/2025
717,330,241,"The product is okay, just nothing special to make it stand out.",1/30/2024
718,219,219,This doesn't even deserve one star. Completely useless and unreliable.,2/10/2024
719,427,297,"It's decent, though I expected a little more.",1/5/2024
720,203,288,This product does exactly what I wanted it to do. Very pleased.,12/28/2025
721,397,229,"I love this item. It's sturdy, functional, and well-made.",12/18/2025
722,470,237,Not worth the hype. It's poorly made and doesn't function well.,1/30/2024
723,436,250,Great product and excellent customer support. Totally worth it!,7/9/2025
724,430,271,"It's acceptable, but I don't have any strong feelings about it.",4/7/2024
725,241,279,"It works so well, and it's exactly what I needed for my project.",5/13/2024
726,681,225,"Not bad, but there's room for improvement in some areas.",2/23/2024
727,469,204,Worth every penny! Amazing quality and service.,2/21/2024
728,499,277,This doesn't even deserve one star. Completely useless and unreliable.,2/4/2024
729,713,291,"The product is fine, but it lacks the features I was hoping for.",3/16/2024
730,391,201,"Customer service was unhelpful, and the product is subpar.",7/15/2025
731,700,267,I'm amazed by how well it works. Great value for the price!,8/30/2025
732,952,216,"Fantastic quality, and the performance is just amazing. Highly recommend!",2/6/2024
733,672,248,This product has exceeded all my expectations. Very satisfied.,9/5/2025
734,234,280,The quality and performance of this product are top-notch.,11/18/2025
735,964,231,I'm really impressed with the quality and the results. 10/10!,12/21/2025
736,603,221,The product does exactly what it's supposed to do. Very happy.,2/10/2024
737,303,252,"It's okay overall, but I expected a bit more based on the reviews.",12/7/2025
738,297,296,This product has made my daily routine so much easier. Highly recommend.,6/26/2025
739,812,214,"It didn't work from the start, and I'm very upset with the quality.",8/4/2025
740,285,299,I'm really impressed with the quality and the results. 10/10!,4/4/2024
741,837,289,"It broke within a few days of use, and customer service didn't help at all.",8/14/2025
742,569,229,"The quality is fine, but I've seen better products at this price.",5/27/2024
743,972,264,I don't recommend this at all. It's not functional and doesn't last.,10/16/2025
744,199,260,"I have mixed feelings. It's fine, but I was expecting a bit more.",4/9/2024
745,487,263,This product has exceeded all my expectations. I'm thrilled with it.,2/25/2024
746,645,280,I tried it once and it didn't work at all. Wouldn't recommend to anyone.,6/21/2024
747,611,256,The product does exactly what it's supposed to do. Very happy.,9/6/2025
748,741,282,"It's functional, but I don't feel strongly about it either way.",2/29/2024
749,666,200,"The quality is fine, but I've seen better products at this price.",10/9/2025
750,729,257,Very high-quality product. I would buy it again without hesitation.,12/6/2025
751,832,292,This is exactly what I was looking for. I'm so glad I bought it!,1/16/2024
752,763,280,The item broke after a few days of use. Not happy at all.,9/29/2025
753,486,248,This product is absolutely amazing. I'm recommending it to all my friends.,3/5/2024
754,744,235,I'm really impressed with the quality and the results. 10/10!,9/16/2025
755,683,238,The quality and performance of this product are top-notch.,1/25/2024
756,380,250,I'm very happy with the performance. It does exactly what I need.,11/26/2025
757,123,200,I regret buying this. The product is ineffective and badly made.,3/3/2024
758,700,220,This product is terrible. It broke after the second use and didn't perform as expected.,4/1/2024
759,470,252,This product has exceeded all my expectations. I'm thrilled with it.,1/31/2024
760,280,283,This is the worst item I've ever bought. I wish I could return it.,2/25/2024
761,966,291,"This item is exactly as described, and it works beautifully!",11/4/2025
762,570,298,Wonderful product! The quality and performance are unmatched.,3/28/2024
763,684,280,"It's acceptable, but I don't have any strong feelings about it.",2/26/2024
764,336,283,Very high-quality product. I would buy it again without hesitation.,9/26/2025
765,734,229,I couldn't be happier with my purchase. It's perfect for what I needed.,8/7/2025
766,187,271,Impressed with the durability and performance of this product.,1/16/2024
767,771,261,"It works fine, but I had expected a bit more for the price.",8/19/2025
768,616,298,"It's okay overall, but I expected a bit more based on the reviews.",1/5/2024
769,434,246,This has been one of the best purchases I've made. Highly recommended!,5/10/2024
770,551,258,I couldn't be more pleased with this purchase. It works perfectly!,12/10/2025
771,254,251,This has been one of the best purchases I've made. Highly recommended!,4/7/2024
772,669,282,This is one of the best products I've bought in a long time.,9/21/2025
773,460,296,Impressed with the durability and performance of this product.,4/17/2024
774,591,253,"The product arrived on time, but it's just alright.",7/25/2025
775,954,291,I absolutely love this! It's even better than I expected.,4/13/2024
776,232,263,"I love this item. It's sturdy, functional, and well-made.",8/20/2025
777,804,225,"It's fine for casual use, but I wouldn't use it for anything heavy.",7/25/2025
778,365,257,Impressed with the durability and performance of this product.,7/22/2025
779,203,221,I regret buying this. The product is ineffective and badly made.,12/10/2025
780,302,210,"It's functional, but I don't feel strongly about it either way.",6/25/2024
781,803,299,This product is absolutely amazing. I'm recommending it to all my friends.,10/2/2025
782,972,236,This product is absolutely amazing. I'm recommending it to all my friends.,1/11/2024
783,409,258,"It's functional, but I don't feel strongly about it either way.",8/4/2025
784,622,232,"The quality is fine, but I've seen better products at this price.",3/20/2024
785,594,213,"I can't say it's amazing, but it does what I need it to do.",9/17/2025
786,910,211,"It's a decent product for the price, though there are better alternatives.",3/2/2024
787,429,279,The product does exactly what it's supposed to do. Very happy.,2/7/2024
788,703,242,This is one of the best products I've bought in a long time.,2/26/2024
789,170,298,Top-notch customer service and a reliable product. Great job!,7/15/2025
790,564,208,"It's not great, but it's not bad either. It's somewhere in between.",3/31/2024
791,218,214,"It works so well, and it's exactly what I needed for my project.",9/12/2025
792,792,242,Worth every penny! Amazing quality and service.,1/4/2024
793,628,258,"It's a basic product. Works, but no wow factor.",11/15/2025
794,655,289,"I love this item. It's sturdy, functional, and well-made.",11/5/2025
795,488,295,"I was hoping for something better, but this item is completely useless.",11/13/2025
796,681,279,Works perfectly! Totally exceeded my expectations in terms of performance.,2/28/2024
797,929,267,"It works fine, but I had expected a bit more for the price.",6/13/2024
798,739,249,I'm very unhappy with this purchase. It didn't meet my expectations.,11/30/2025
799,810,242,"It works, but I've had better products for the same price.",9/10/2025
800,458,229,"The product functions well, but I feel it could be improved in some areas.",12/11/2025
801,672,216,"I can't say it's amazing, but it does what I need it to do.",10/25/2025
802,811,226,This product is a game-changer. I'm so glad I bought it.,6/18/2024
803,236,220,I absolutely love this product! It exceeded my expectations in every way.,11/1/2025
804,444,253,Wonderful product! The quality and performance are unmatched.,7/30/2025
805,891,288,So impressed by the quality. This product truly delivers.,9/13/2025
806,486,292,I couldn't be happier with my purchase. It's perfect for what I needed.,7/13/2025
807,493,237,"It's functional, but I'm not blown away by it.",4/20/2024
808,119,294,The quality and performance of this product are top-notch.,10/13/2025
809,866,214,It's sufficient for basic needs but could be better.,12/8/2025
810,754,296,The product arrived damaged and the customer service was terrible.,4/7/2024
811,723,215,"Fantastic quality, and the performance is just amazing. Highly recommend!",6/18/2024
812,424,290,Top-notch customer service and a reliable product. Great job!,11/25/2025
813,385,251,"Nothing to complain about, but nothing extraordinary either.",11/2/2025
814,951,278,"It's an okay product, but there are some issues I have with it.",10/7/2025
815,344,297,I don't recommend this at all. It's not functional and doesn't last.,7/17/2025
816,276,232,This is exactly what I was looking for. I'm so glad I bought it!,8/13/2025
817,747,201,"Not bad, but there's room for improvement in some areas.",12/20/2025
818,596,261,I regret buying this. The product is ineffective and badly made.,9/11/2025
819,661,252,"It works fine for now, but I'm not sure about its long-term durability.",2/4/2024
820,490,252,"It's functional, but it's not a must-have product.",10/7/2025
821,316,281,"I've been using this for a few weeks now, and it works flawlessly.",6/12/2024
822,734,273,"I thought this would be better, but it turned out to be a huge disappointment.",1/10/2024
823,380,237,I absolutely love this product! It exceeded my expectations in every way.,2/11/2024
824,868,231,The quality is outstanding. I'm extremely impressed.,10/25/2025
825,908,208,"Not good at all. The quality is very poor, and I'm disappointed.",11/17/2025
826,410,282,"Great design, easy to use, and it works wonderfully. Highly recommend!",4/13/2024
827,977,228,"Excellent quality, great design, and super easy to use.",7/8/2025
828,215,299,"I've used it a few times and it works, but it's not impressive.",6/11/2024
829,238,279,"The customer service was fantastic, and the product arrived on time.",12/6/2025
830,434,220,This is hands down the best purchase I've made this year.,9/9/2025
831,992,224,I've been using it for a while now and it's performing perfectly.,6/19/2024
832,804,280,"It works, but it doesn't feel like a high-end product.",1/10/2024
833,234,201,"It's functional, but I'm not convinced it's the best choice for this price.",11/19/2025
834,555,252,Perfect fit for my needs. Will definitely order again.,6/21/2024
835,191,273,Best investment I've made in a long time. Very happy with my purchase.,8/9/2025
836,577,298,The product does not match the description. Avoid this seller.,12/3/2025
837,771,231,I've been using it for a while now and it's performing perfectly.,7/6/2025
838,994,252,So impressed by the quality. This product truly delivers.,9/23/2025
839,304,272,I'm amazed by how well it works. Great value for the price!,6/19/2024
840,647,275,This has made my life so much easier. I highly recommend it!,6/10/2024
841,147,285,Wonderful product! The quality and performance are unmatched.,5/13/2024
842,411,293,Perfect product for my needs! I can't imagine using anything else now.,11/9/2025
843,816,248,The quality is outstanding. I'm extremely impressed.,4/17/2024
844,530,248,Great product and excellent customer support. Totally worth it!,6/15/2024
845,870,224,The product is okay but nothing too special.,3/16/2024
846,998,298,This is hands down the best purchase I've made this year.,4/15/2024
847,784,279,"Nothing to complain about, but nothing extraordinary either.",3/17/2024
848,903,245,"It works as advertised, but it's not particularly impressive.",7/13/2025
849,677,286,This product is absolutely amazing. I'm recommending it to all my friends.,4/2/2024
850,477,299,This product has exceeded all my expectations. Very satisfied.,6/28/2025
851,907,280,Very sleek design and works just as advertised. Love it!,5/17/2024
852,186,211,I've had a wonderful experience with this product. Definitely recommend it!,2/3/2024
853,759,201,"I have mixed feelings. It's fine, but I was expecting a bit more.",2/5/2024
854,314,251,"I have no complaints, but I don't have any praise for it either.",6/27/2025
855,909,201,"The product is awful. It doesn't work as it should, and it's frustrating to use.",5/12/2024
856,370,292,"I tried using it, but it's just not functional. Very frustrating.",4/4/2024
857,277,205,Everything about this product is perfect. So happy with it!,12/11/2025
858,180,260,Very high-quality product. I would buy it again without hesitation.,5/3/2024
859,556,242,Worth every penny! Amazing quality and service.,6/1/2024
860,499,206,Terrible experience. The product doesn't perform well at all.,7/23/2025
861,459,287,This is hands down the best purchase I've made this year.,7/5/2025
862,366,208,"The product is decent, but I've come across better quality.",1/10/2024
863,546,248,"I had high hopes for this, but it was a total letdown.",10/26/2025
864,591,232,It broke within a few days of use. Terrible quality!,2/25/2024
865,812,212,The quality and performance of this product are top-notch.,4/29/2024
866,765,289,This product is a game-changer. I'm so glad I bought it.,9/30/2025
867,277,205,I've had a wonderful experience with this product. Definitely recommend it!,7/4/2025
868,617,289,"It's acceptable, but I don't have any strong feelings about it.",1/24/2024
869,518,204,"I tried using it, but it's just not functional. Very frustrating.",6/27/2025
870,260,291,Excellent quality and fast shipping. Very happy with it.,1/14/2024
871,740,208,I regret buying this. The product is ineffective and badly made.,5/14/2024
872,163,266,I don't recommend this at all. It's not functional and doesn't last.,7/1/2025
873,826,203,I've had better products for less money. This one is definitely not worth it.,3/29/2024
874,902,259,"The product is okay, just nothing special to make it stand out.",10/7/2025
875,796,296,I've been using it for a while now and it's performing perfectly.,12/7/2025
876,569,242,This product has exceeded all my expectations. Very satisfied.,10/18/2025
877,523,230,"It works well, but there's nothing exciting about it.",7/19/2025
878,508,294,Everything about this product is great! It works as advertised and more.,7/26/2025
879,167,256,I am extremely satisfied with my purchase. Worth every penny!,10/29/2025
880,493,226,"It's fine, but it doesn't exceed the expectations set by the description.",9/14/2025
881,123,296,I absolutely love this! It's even better than I expected.,2/8/2024
882,458,247,Terrible experience. The product doesn't perform well at all.,12/10/2025
883,747,208,"It's okay overall, but I expected a bit more based on the reviews.",5/9/2024
884,629,259,"The product arrived on time, but it's just alright.",6/30/2025
885,302,231,The product does exactly what it's supposed to do. Very happy.,5/20/2024
886,375,204,"I was expecting something better, but this product is just average.",10/29/2025
887,941,267,This product has made my daily routine so much easier. Highly recommend.,8/16/2025
888,772,257,I'm frustrated with this product. It's not what I hoped for at all.,10/14/2025
889,258,222,"I love this item. It's sturdy, functional, and well-made.",9/29/2025
890,686,246,"It broke within a few days of use, and customer service didn't help at all.",10/18/2025
891,656,278,It's easy to use and super efficient. I'm so glad I bought it.,11/29/2025
892,551,250,"It's acceptable, but I don't have any strong feelings about it.",6/28/2025
893,481,256,"The instructions were unclear, and it doesn't work as advertised.",10/6/2025
894,493,292,"Fantastic quality, and the performance is just amazing. Highly recommend!",2/17/2024
895,970,277,"It works, but it doesn't feel like a high-end product.",12/21/2025
896,891,256,I can't believe I wasted my money on this. It's not worth it.,6/9/2024
897,577,268,"It's not bad, but I wouldn't say it's great either.",4/16/2024
898,490,263,Wonderful product! The quality and performance are unmatched.,10/17/2025
899,716,285,Fantastic experience from start to finish. Highly recommend!,5/10/2024
900,492,255,The product is just fine. Doesn't stand out in any way.,11/24/2025
901,633,298,This product is a game-changer. I'm so glad I bought it.,10/6/2025
902,553,240,The product is functional but doesn't offer anything exciting.,2/16/2024
903,286,241,Very disappointing. I expected much more for the price I paid.,8/14/2025
904,682,222,"Not bad, but there's room for improvement in some areas.",5/11/2024
905,805,298,I've never been this satisfied with a purchase before.,11/21/2025
906,950,211,"Not bad, but there's room for improvement in some areas.",8/17/2025
907,733,260,"I was hoping for something better, but this item is completely useless.",3/1/2024
908,768,223,Completely useless. It doesn't do what it says on the box.,9/9/2025
909,555,217,"I don't hate it, but I don't love it either. It's just average.",7/31/2025
910,465,296,"It's a decent product, but it doesn't offer the best value for the price.",4/20/2024
911,891,209,I'm really impressed with the quality and the results. 10/10!,4/21/2024
912,107,240,"I can't say it's amazing, but it does what I need it to do.",5/13/2024
913,953,275,The product functions as expected but isn't remarkable.,7/27/2025
914,594,225,This has made my life so much easier. I highly recommend it!,6/17/2024
915,677,220,"It's an okay product, but there are some issues I have with it.",12/17/2025
916,120,250,Everything about this product is perfect. So happy with it!,9/20/2025
917,943,225,I've never been this satisfied with a purchase before.,5/31/2024
918,723,215,"It works so well, and it's exactly what I needed for my project.",1/11/2024
919,910,207,"It's good enough to keep, but I'm not excited about it.",9/25/2025
920,443,207,I couldn't be more pleased with this purchase. It works perfectly!,6/10/2024
921,682,252,This product is absolutely amazing. I'm recommending it to all my friends.,8/10/2025
922,777,229,"The product is good for the price, but there are some minor flaws.",10/17/2025
923,646,241,The product functions as expected but isn't remarkable.,1/8/2024
924,367,278,"It's okay overall, but I expected a bit more based on the reviews.",10/21/2025
925,598,298,I've never been this satisfied with a purchase before.,7/14/2025
926,470,218,"It works, but I've had better products for the same price.",8/13/2025
927,703,231,"The product is decent, but I've come across better quality.",10/6/2025
928,585,202,Worth every penny! Amazing quality and service.,5/10/2024
929,763,284,Great performance and easy to use. I'm very satisfied with this product.,3/22/2024
930,439,219,"It's fine for casual use, but I wouldn't use it for anything heavy.",7/21/2025
931,220,279,Completely useless. It doesn't do what it says on the box.,9/15/2025
932,892,232,The product does exactly what it's supposed to do. Very happy.,7/3/2025
933,528,240,This is exactly what I was looking for. I'm so glad I bought it!,5/13/2024
934,331,283,This product does exactly what I wanted it to do. Very pleased.,3/16/2024
935,100,218,This product does exactly what I wanted it to do. Very pleased.,3/27/2024
936,180,209,Excellent quality and fast shipping. Very happy with it.,4/10/2024
937,488,273,Impressed with the durability and performance of this product.,6/10/2024
938,747,254,"This item is exactly as described, and it works beautifully!",2/6/2024
939,672,298,Everything about this product is great! It works as advertised and more.,12/18/2025
940,222,228,I couldn't be happier with my purchase. It's perfect for what I needed.,10/28/2025
941,178,258,This product didn't work as expected. It's unreliable and frustrating.,8/16/2025
942,577,256,Such a fantastic product at a great price. Worth every cent!,12/18/2025
943,459,294,Very high-quality product. I would buy it again without hesitation.,6/9/2024
944,518,207,I absolutely love this product! It exceeded my expectations in every way.,6/10/2024
945,943,212,"The product is okay, just nothing special to make it stand out.",8/27/2025
946,768,229,"The product is fine, but it lacks the features I was hoping for.",11/22/2025
947,393,285,The product is exactly what I was hoping for. I'm very satisfied.,7/20/2025
948,430,213,"This item is exactly as described, and it works beautifully!",11/19/2025
949,591,284,"It's functional, but I'm not convinced it's the best choice for this price.",1/9/2024
950,791,242,"It broke within a few days of use, and customer service didn't help at all.",9/25/2025
951,627,262,"It works so well, and it's exactly what I needed for my project.",10/14/2025
952,504,226,"The product does its job, but I expected something more impressive.",1/26/2024
953,265,207,"It broke within a few days of use, and customer service didn't help at all.",8/24/2025
954,262,294,Overpriced for what it offers. Very unhappy with my purchase.,8/23/2025
955,950,274,This product has made my daily routine so much easier. Highly recommend.,2/8/2024
956,581,212,I've never been this satisfied with a purchase before.,7/4/2025
957,460,295,"It does the job, but I wasn't impressed by its performance.",4/3/2024
958,678,249,I regret buying this. Save your money and look elsewhere.,7/28/2025
959,717,257,"The customer service was fantastic, and the product arrived on time.",7/11/2025
960,340,272,The best product I've used in a long time. Kudos to the team!,2/1/2024
961,497,295,Very sleek design and works just as advertised. Love it!,3/21/2024
962,148,274,The quality is outstanding. I'm extremely impressed.,12/27/2025
963,419,256,"I was expecting something better, but this product is just average.",1/8/2024
964,170,251,I'm frustrated with this product. It's not what I hoped for at all.,9/26/2025
965,525,203,It's easy to use and super efficient. I'm so glad I bought it.,3/28/2024
966,954,267,This product has exceeded all my expectations. Very satisfied.,5/29/2024
967,360,256,"The product works, but I've had better experiences with similar products.",1/6/2024
968,959,233,Great performance and easy to use. I'm very satisfied with this product.,5/11/2024
969,596,257,This product is cheaply made and didn't meet my expectations at all.,5/7/2024
970,642,219,I regret buying this. The product is ineffective and badly made.,12/9/2025
971,693,242,Everything about this product is great! It works as advertised and more.,10/20/2025
972,392,250,"Fantastic quality, and the performance is just amazing. Highly recommend!",7/8/2025
973,961,256,Terrible experience. The product doesn't perform well at all.,6/2/2024
974,501,267,"Excellent quality, great design, and super easy to use.",12/30/2025
975,402,246,It's neither great nor terrible. It's just okay.,3/22/2024
976,582,249,Such a fantastic product at a great price. Worth every cent!,3/21/2024
977,702,221,I can't believe I wasted my money on this. It's not worth it.,6/28/2025
978,950,250,Perfect product for my needs! I can't imagine using anything else now.,8/22/2025
979,759,276,"I've used it a few times and it works, but it's not impressive.",7/23/2025
980,214,248,Works perfectly! Totally exceeded my expectations in terms of performance.,5/12/2024
981,362,273,It's neither great nor terrible. It's just okay.,11/30/2025
982,355,213,"The quality is fine, but I've seen better products at this price.",6/3/2024
983,289,257,I've never been this satisfied with a purchase before.,3/29/2024
984,920,201,I've been using it for a while now and it's performing perfectly.,2/2/2024
985,189,271,Wonderful product! The quality and performance are unmatched.,1/23/2024
986,773,219,Absolutely love this product! It's a game-changer.,1/29/2024
987,528,215,"The product is awful. It doesn't work as it should, and it's frustrating to use.",12/1/2025
988,868,253,Great performance and easy to use. I'm very satisfied with this product.,1/31/2024
989,649,283,"It's an okay product, but there are some issues I have with it.",4/30/2024
990,460,233,This product has exceeded all my expectations. I'm thrilled with it.,10/5/2025
991,989,203,This has been one of the best purchases I've made. Highly recommended!,11/23/2025
992,409,254,Perfect fit for my needs. Will definitely order again.,5/23/2024
993,111,226,This has been one of the best purchases I've made. Highly recommended!,8/24/2025
994,695,292,"It broke within a few days of use, and customer service didn't help at all.",11/3/2025
995,814,236,It's sufficient for basic needs but could be better.,7/20/2025
996,811,200,Excellent quality and fast shipping. Very happy with it.,4/8/2024
997,667,251,This has made my life so much easier. I highly recommend it!,9/6/2025
998,313,238,Everything about this product is perfect. So happy with it!,9/30/2025
999,879,242,"I have mixed feelings. It's fine, but I was expecting a bit more.",3/2/2024
1000,193,292,"It does its job, but I wouldn't say it's a standout product.",11/23/2025
